session,score,bankrupt,bankruptcy_day,trade_count,quote_count,fok_count,fill_rate,final_cash
0,1.630000000000002,False,,52,462,444,0.0574,1.63
1,1.9300000000000006,False,,50,443,496,0.0532,1.93
2,1.99,False,,60,457,414,0.0689,1.99
3,1.48,False,,47,427,470,0.0524,1.48
4,1.1300000000000021,False,,49,470,425,0.0547,1.13
5,1.7200000000000015,False,,60,442,496,0.064,1.72
6,1.06,False,,65,410,464,0.0744,1.06
7,1.4699999999999982,False,,56,423,414,0.0669,1.47
8,2.169999999999998,False,,62,450,442,0.0695,2.17
9,1.0800000000000007,False,,59,455,437,0.0661,1.08
10,1.8000000000000012,False,,52,423,424,0.0614,1.8
11,1.8699999999999997,False,,40,445,422,0.0461,1.87
12,1.85,False,,52,422,422,0.0616,1.85
13,1.5599999999999996,False,,63,460,435,0.0704,1.56
14,1.399999999999998,False,,59,419,460,0.0671,1.4
15,1.7399999999999989,False,,66,414,436,0.0776,1.74
16,1.6999999999999984,False,,63,437,390,0.0762,1.7
17,1.3300000000000007,False,,62,431,476,0.0684,1.33
18,1.8399999999999999,False,,57,448,437,0.0644,1.84
19,1.3900000000000001,False,,40,431,419,0.0471,1.39
20,1.1899999999999995,False,,62,447,489,0.0662,1.19
21,1.7499999999999998,False,,68,413,434,0.0803,1.75
22,1.490000000000001,False,,42,468,448,0.0459,1.49
23,1.9400000000000004,False,,45,443,464,0.0496,1.94
24,1.5799999999999987,False,,53,412,477,0.0596,1.58
25,1.9200000000000004,False,,50,449,461,0.0549,1.92
26,1.9900000000000002,False,,49,432,459,0.055,1.99
27,2.0,False,,42,385,397,0.0537,2.0
28,1.8200000000000025,False,,60,449,475,0.0649,1.82
29,1.2499999999999982,False,,42,460,447,0.0463,1.25
30,1.1399999999999995,False,,42,444,459,0.0465,1.14
31,3.619999999999998,False,,51,454,413,0.0588,3.62
32,1.2699999999999996,False,,57,450,409,0.0664,1.27
33,1.9499999999999995,False,,59,428,425,0.0692,1.95
34,1.5900000000000012,False,,48,430,427,0.056,1.59
35,1.290000000000002,False,,54,445,418,0.0626,1.29
36,1.4099999999999984,False,,36,420,434,0.0422,1.41
37,1.620000000000001,False,,75,468,457,0.0811,1.62
38,1.2900000000000003,False,,43,404,399,0.0535,1.29
39,1.8599999999999994,False,,45,436,440,0.0514,1.86
40,2.7299999999999995,False,,40,410,430,0.0476,2.73
41,8.740000000000002,False,,52,463,410,0.0596,8.74
42,1.3199999999999992,False,,58,490,469,0.0605,1.32
43,1.060000000000001,False,,57,443,473,0.0622,1.06
44,1.6000000000000019,False,,56,431,414,0.0663,1.6
45,2.719999999999999,False,,53,436,441,0.0604,2.72
46,1.2699999999999996,False,,66,443,434,0.0753,1.27
47,1.450000000000001,False,,42,429,422,0.0494,1.45
48,1.4799999999999995,False,,62,465,470,0.0663,1.48
49,1.5999999999999996,False,,50,440,439,0.0569,1.6
50,1.8600000000000017,False,,49,417,459,0.0559,1.86
51,1.429999999999999,False,,63,468,463,0.0677,1.43
52,1.5099999999999991,False,,48,423,431,0.0562,1.51
53,1.5800000000000005,False,,47,456,437,0.0526,1.58
54,1.880000000000001,False,,69,456,427,0.0781,1.88
55,1.110000000000001,False,,54,421,478,0.0601,1.11
56,1.859999999999999,False,,76,441,452,0.0851,1.86
57,1.2499999999999993,False,,43,413,459,0.0493,1.25
58,1.8699999999999997,False,,58,444,434,0.0661,1.87
59,1.0599999999999987,False,,73,432,463,0.0816,1.06
60,1.2100000000000002,False,,71,453,431,0.0803,1.21
61,1.7800000000000002,False,,53,451,463,0.058,1.78
62,1.2299999999999998,False,,50,423,456,0.0569,1.23
63,1.870000000000001,False,,71,484,438,0.077,1.87
64,1.6600000000000006,False,,39,401,481,0.0442,1.66
65,1.3800000000000021,False,,33,457,442,0.0367,1.38
66,1.2600000000000042,False,,66,434,403,0.0789,1.26
67,1.3900000000000006,False,,43,447,442,0.0484,1.39
68,1.2200000000000024,False,,51,444,412,0.0596,1.22
69,1.369999999999999,False,,72,450,435,0.0814,1.37
70,1.4799999999999984,False,,50,427,417,0.0592,1.48
71,1.8300000000000003,False,,60,453,465,0.0654,1.83
72,1.0500000000000007,False,,78,480,448,0.0841,1.05
73,1.5500000000000007,False,,48,389,470,0.0559,1.55
74,1.7100000000000015,False,,53,468,442,0.0582,1.71
75,1.2999999999999976,False,,74,403,457,0.086,1.3
76,1.0800000000000012,False,,68,440,418,0.0793,1.08
77,1.8899999999999992,False,,53,434,418,0.0622,1.89
78,1.6999999999999955,False,,94,399,418,0.1151,1.7
79,1.8300000000000003,False,,52,434,414,0.0613,1.83
80,1.55,False,,39,435,437,0.0447,1.55
81,1.9800000000000026,False,,56,450,444,0.0626,1.98
82,1.7099999999999997,False,,60,430,432,0.0696,1.71
83,1.12,False,,52,412,421,0.0624,1.12
84,1.3699999999999997,False,,81,458,434,0.0908,1.37
85,1.5700000000000007,False,,44,447,472,0.0479,1.57
86,1.6300000000000003,False,,55,449,467,0.06,1.63
87,1.3499999999999994,False,,53,423,425,0.0625,1.35
88,1.7000000000000015,False,,52,452,438,0.0584,1.7
89,1.9,False,,49,384,459,0.0581,1.9
90,1.7599999999999991,False,,44,407,409,0.0539,1.76
91,1.5000000000000022,False,,60,472,481,0.063,1.5
92,1.6799999999999975,False,,65,447,437,0.0735,1.68
93,1.890000000000001,False,,40,418,434,0.0469,1.89
94,1.309999999999999,False,,44,469,441,0.0484,1.31
95,1.3599999999999999,False,,48,444,426,0.0552,1.36
96,1.679999999999998,False,,60,407,435,0.0713,1.68
97,1.9800000000000018,False,,41,479,448,0.0442,1.98
98,2.9600000000000044,False,,74,433,457,0.0831,2.96
99,1.75,False,,40,402,437,0.0477,1.75
100,1.609999999999999,False,,46,410,428,0.0549,1.61
101,1.8500000000000012,False,,80,449,453,0.0887,1.85
102,1.5900000000000007,False,,54,428,419,0.0638,1.59
103,1.3399999999999999,False,,62,423,422,0.0734,1.34
104,1.9500000000000015,False,,52,431,448,0.0592,1.95
105,1.3499999999999996,False,,40,409,415,0.0485,1.35
106,1.5000000000000009,False,,52,448,409,0.0607,1.5
107,1.4700000000000013,False,,58,427,439,0.067,1.47
108,1.7300000000000013,False,,78,434,469,0.0864,1.73
109,1.6200000000000068,False,,103,470,446,0.1124,1.62
110,1.6599999999999997,False,,72,431,427,0.0839,1.66
111,1.71,False,,86,484,431,0.094,1.71
112,1.6000000000000003,False,,67,435,420,0.0784,1.6
113,1.5600000000000012,False,,39,449,456,0.0431,1.56
114,1.6800000000000015,False,,40,462,460,0.0434,1.68
115,1.3899999999999941,False,,64,444,483,0.069,1.39
116,1.9699999999999995,False,,65,431,423,0.0761,1.97
117,1.2899999999999987,False,,58,456,443,0.0645,1.29
118,1.4900000000000013,False,,40,450,465,0.0437,1.49
119,1.970000000000003,False,,62,437,457,0.0694,1.97
120,1.2599999999999987,False,,66,437,426,0.0765,1.26
121,1.51,False,,52,442,421,0.0603,1.51
122,1.7100000000000013,False,,44,439,412,0.0517,1.71
123,1.3299999999999987,False,,58,409,411,0.0707,1.33
124,1.6400000000000001,False,,62,453,474,0.0669,1.64
125,1.9199999999999997,False,,43,464,470,0.046,1.92
126,1.7399999999999973,False,,88,416,420,0.1053,1.74
127,1.0899999999999987,False,,65,439,465,0.0719,1.09
128,1.6800000000000004,False,,62,434,455,0.0697,1.68
129,1.030000000000001,False,,36,404,443,0.0425,1.03
130,1.7299999999999993,False,,53,440,420,0.0616,1.73
131,1.9499999999999997,False,,53,442,416,0.0618,1.95
132,1.6600000000000001,False,,71,408,420,0.0857,1.66
133,1.7500000000000029,False,,62,388,422,0.0765,1.75
134,1.3800000000000012,False,,57,449,426,0.0651,1.38
135,1.1600000000000001,False,,49,405,431,0.0586,1.16
136,1.8,False,,66,464,458,0.0716,1.8
137,1.1899999999999988,False,,54,463,435,0.0601,1.19
138,1.7999999999999992,False,,46,444,433,0.0525,1.8
139,1.5100000000000011,False,,60,485,485,0.0619,1.51
140,1.9700000000000004,False,,49,454,422,0.0559,1.97
141,1.280000000000002,False,,58,406,470,0.0662,1.28
142,1.6499999999999992,False,,63,412,433,0.0746,1.65
143,1.7699999999999994,False,,63,421,479,0.07,1.77
144,1.4699999999999984,False,,50,445,430,0.0571,1.47
145,1.1600000000000015,False,,53,444,458,0.0588,1.16
146,1.9600000000000004,False,,45,442,461,0.0498,1.96
147,1.7699999999999985,False,,35,480,467,0.037,1.77
148,1.9699999999999984,False,,38,436,430,0.0439,1.97
149,1.9099999999999986,False,,72,441,438,0.0819,1.91
150,1.9800000000000004,False,,39,382,441,0.0474,1.98
151,1.9,False,,63,441,415,0.0736,1.9
152,1.9300000000000004,False,,44,459,479,0.0469,1.93
153,1.0800000000000005,False,,32,444,446,0.036,1.08
154,1.6099999999999997,False,,49,463,471,0.0525,1.61
155,1.4999999999999982,False,,71,431,427,0.0828,1.5
156,1.2499999999999993,False,,66,446,450,0.0737,1.25
157,1.9300000000000006,False,,71,420,405,0.0861,1.93
158,1.1800000000000006,False,,56,406,433,0.0667,1.18
159,1.4299999999999993,False,,62,464,463,0.0669,1.43
160,1.16,False,,57,469,502,0.0587,1.16
161,1.3100000000000007,False,,66,438,459,0.0736,1.31
162,1.4700000000000013,False,,51,472,505,0.0522,1.47
163,1.9600000000000004,False,,71,458,436,0.0794,1.96
164,1.070000000000001,False,,46,430,442,0.0528,1.07
165,1.19,False,,31,427,381,0.0384,1.19
166,1.789999999999997,False,,73,463,456,0.0794,1.79
167,1.1599999999999995,False,,50,451,413,0.0579,1.16
168,1.9099999999999997,False,,71,473,440,0.0778,1.91
169,1.4299999999999995,False,,49,433,472,0.0541,1.43
170,1.7999999999999994,False,,47,424,431,0.055,1.8
171,1.0600000000000005,False,,48,440,450,0.0539,1.06
172,1.7400000000000007,False,,45,449,430,0.0512,1.74
173,1.9900000000000015,False,,65,433,423,0.0759,1.99
174,1.1500000000000006,False,,71,480,428,0.0782,1.15
175,1.9700000000000002,False,,46,435,415,0.0541,1.97
176,1.3299999999999992,False,,62,434,457,0.0696,1.33
177,1.3599999999999997,False,,60,416,432,0.0708,1.36
178,1.910000000000001,False,,38,404,393,0.0477,1.91
179,1.8599999999999999,False,,47,442,438,0.0534,1.86
180,1.75,False,,56,458,445,0.062,1.75
181,1.4399999999999984,False,,48,407,461,0.0553,1.44
182,1.17,False,,64,451,445,0.0714,1.17
183,1.740000000000001,False,,58,408,403,0.0715,1.74
184,3.470000000000005,False,,69,395,409,0.0858,3.47
185,1.490000000000004,False,,72,464,435,0.0801,1.49
186,1.2500000000000016,False,,69,458,453,0.0757,1.25
187,1.61,False,,63,474,470,0.0667,1.61
188,1.8200000000000003,False,,42,417,391,0.052,1.82
189,1.2800000000000005,False,,67,440,440,0.0761,1.28
190,1.5400000000000014,False,,71,433,415,0.0837,1.54
191,1.1299999999999968,False,,46,458,445,0.0509,1.13
192,1.5299999999999985,False,,67,455,469,0.0725,1.53
193,1.7599999999999998,False,,70,434,437,0.0804,1.76
194,1.9599999999999989,False,,53,470,452,0.0575,1.96
195,1.9300000000000006,False,,74,407,412,0.0904,1.93
196,1.6499999999999995,False,,42,454,486,0.0447,1.65
197,1.8200000000000007,False,,63,433,476,0.0693,1.82
198,1.6600000000000015,False,,52,425,447,0.0596,1.66
199,1.4699999999999993,False,,48,445,393,0.0573,1.47
